{"stats":{"minecraft:crafted":{"minecraft:oak_planks":32,"minecraft:crafting_table":1,"minecraft:wooden_pickaxe":1},"minecraft:used":{"minecraft:dirt":4,"minecraft:apple":1,"minecraft:crafting_table":1,"alexsmobs:animal_dictionary":1,"minecraft:wooden_pickaxe":35},"minecraft:custom":{"minecraft:time_since_rest":11642,"minecraft:play_time":11642,"minecraft:sprint_one_cm":9300,"minecraft:damage_taken":225,"minecraft:walk_one_cm":11936,"minecraft:drop":7,"minecraft:jump":64,"minecraft:damage_dealt":14,"minecraft:leave_game":1,"minecraft:time_since_death":11642,"minecraft:walk_on_water_one_cm":1319,"minecraft:total_world_time":11642,"minecraft:interact_with_crafting_table":1,"minecraft:fall_one_cm":1463,"minecraft:fly_one_cm":9518},"minecraft:dropped":{"minecraft:oak_sapling":7},"minecraft:picked_up":{"minecraft:stick":7,"minecraft:apple":1,"minecraft:oak_log":8,"minecraft:lily_pad":2,"minecraft:oak_sapling":7,"minecraft:dirt":4,"minecraft:cobblestone":35},"minecraft:mined":{"minecraft:grass_block":2,"minecraft:oak_log":8,"minecraft:dirt":2,"minecraft:stone":35}},"DataVersion":3465}