{"stats":{"minecraft:crafted":{"minecraft:oak_planks":12,"minecraft:crafting_table":1,"minecraft:stick":4,"minecraft:wooden_axe":1},"minecraft:used":{"minecraft:wooden_axe":10,"minecraft:apple":1,"minecraft:crafting_table":1},"minecraft:killed":{"minecraft:pig":3},"minecraft:custom":{"minecraft:time_since_rest":15384,"minecraft:sprint_one_cm":33215,"minecraft:play_time":15384,"minecraft:damage_taken":50,"minecraft:walk_one_cm":17392,"minecraft:walk_under_water_one_cm":215,"minecraft:mob_kills":3,"minecraft:jump":135,"minecraft:damage_dealt":300,"minecraft:leave_game":1,"minecraft:time_since_death":15384,"minecraft:walk_on_water_one_cm":3651,"minecraft:climb_one_cm":1011,"minecraft:total_world_time":15384,"minecraft:interact_with_crafting_table":3,"minecraft:fall_one_cm":3104,"minecraft:fly_one_cm":24842},"minecraft:picked_up":{"minecraft:stick":3,"minecraft:crafting_table":1,"minecraft:apple":1,"minecraft:porkchop":3,"minecraft:oak_log":7,"minecraft:lily_pad":1,"minecraft:oak_sapling":7},"minecraft:mined":{"minecraft:oak_log":8,"minecraft:crafting_table":1}},"DataVersion":3465}