{"stats":{"minecraft:crafted":{"minecraft:dark_oak_planks":40},"minecraft:custom":{"minecraft:jump":11,"minecraft:time_since_rest":3184,"minecraft:damage_taken":40,"minecraft:crouch_one_cm":200,"minecraft:leave_game":2,"minecraft:play_time":3184,"minecraft:sprint_one_cm":1811,"minecraft:time_since_death":3184,"minecraft:walk_one_cm":1257,"minecraft:sneak_time":389,"minecraft:total_world_time":3184,"minecraft:fly_one_cm":1400,"minecraft:fall_one_cm":418},"minecraft:mined":{"minecraft:dark_oak_log":10,"minecraft:dark_oak_leaves":6},"minecraft:picked_up":{"minecraft:dark_oak_sapling":2,"minecraft:dark_oak_log":10}},"DataVersion":2975}