{"stats":{"minecraft:mined":{"minecraft:sand":1},"minecraft:custom":{"minecraft:jump":56,"minecraft:time_since_rest":2597,"minecraft:walk_on_water_one_cm":1780,"minecraft:leave_game":2,"minecraft:play_time":2597,"minecraft:sprint_one_cm":3548,"minecraft:time_since_death":2597,"minecraft:walk_one_cm":2530,"minecraft:total_world_time":2597,"minecraft:climb_one_cm":167,"minecraft:fall_one_cm":1463,"minecraft:fly_one_cm":12163},"minecraft:picked_up":{"minecraft:sand":1},"minecraft:used":{"alexsmobs:animal_dictionary":1}},"DataVersion":3465}